id,created_utc,score,upvote_ratio,num_comments,link_flair_text,text,populairity,sentiment
1p57d3t,1763957553.0,138,0.97,34,,Out of the new coaches on our staff. Anthony Campanile has to be the one that is shining the most ,4685.0,positive
1p570zp,1763956526.0,318,0.99,32,,WR1 ,10389.0,neutral
1p5662v,1763953964.0,130,0.92,7,,Let’s Go! ,957.0,positive
1p55vze,1763953168.0,140,1.0,10,,Strange almost breaking 100 yards receiving in his first game back. Missed that dude!! 5 rec - 93 yards.,1540.0,positive
1p5520n,1763950796.0,117,0.88,45,,"Every person on this sub would be happier if they stopped caring about Trevor Lawrence discourse I get it. You open up Instagram, you look at any post about the Jaguars, and you see ""Is it time to call Trevor a bust?!?"". You hop on r/NFL and you see the once a week engagement farmer post title saying ""Is it time to talk about Trevor yet?"" with the post only saying ""Why isnt he good?"" with 1k upvotes and 500 comments (Its been happening for 4 years). You go on YouTube and you see constant thumbnails of Trevor Lawrence with some clickbait title. Every week, win or lose you come on this sub, and all anyone wants to talk about is if he is good.

  
Who the fuck cares? The Jacksonville Jaguars are 7-4, firmly in the Wild Card hunt, and one game behind the league darling, offensive juggernaut Indianapolis Colts for the division title. Narratives and agendas are what you make them, and you can sit here and feed the discourse or you can just enjoy a win. He threw two very bad INTs. He also engineered a what should have been a fantastic game winning drive (Take the FG Liam). We should be celebrating with a billion shitposts about the dub and the Colts. Instead its just Trevor, again. Can we please just wait 24 hours to argue over Trevor after a W? Take a breath. Celebrate the W. Talk about Josh Allen or Jakobi Meyers. We don't have to do this every week.

  
Take some time and just forget about Trevor and celebrate the team. Enjoy the win. We are 7-4.",4736.0,positive
1p54pzr,1763949837.0,221,0.99,57,,"[Jacksonville Jaguars] ""I own that and I gotta do my job and take care of the ball and not put our defense in tough spots... but I'm never going to play scared. I'm going to continue to let it rip."" - @trevorlawrence ",12690.0,positive
1p54is4,1763949271.0,120,0.92,23,,All you Tlaw doomers We taking the division ,2650.0,positive
1p53z7c,1763947672.0,158,0.98,17,,I love my heart-attack inducing QB ,2787.0,positive
1p53ume,1763947303.0,322,0.99,24,,"Re-sign this man! Dude picked up the O in a short period of time and Trevor clearly trusts the hell out of him. When Trevor threw one of his picks Jakobi was right there picking him up. He’s a great teammate. He runs great routes. He catches the ball. PLEASE RE-SIGN HIM GLADSTONE

Also shoutout to Parker Washington and Brenton Strange. They also just catch the damn ball.

The thought of a potential BTJ - Hunter - Meyers - Washington receiver room next season with Strange at TE is tantalizing. Please make it happen!

",7969.0,positive
1p53ppp,1763946916.0,282,0.79,209,,"Guys I’m retiring. The haters won I’m officially retiring from defending Trevor Lawrence. I can’t do it anymore. I have exhausted every excuse imaginable. I’ve blamed the O-line, the playcalling, the receivers, the weather, the turf, the refs, Mercury being in retrograde all of it. I’ve written dissertations longer than my college essays explaining why “actually Trevor is better than people think,” and every single time he responds by playing like he’s speedrunning an NFL blooper reel.

Do you understand the psychological damage of watching a QB you defended for YEARS go out there and throw a pass so bad you instinctively duck even though you’re in your living room? I had people in the game threads tagging me like “where’s Trevor’s lawyer now?” Bro, I’m in witness protection. I can’t show my face. I’m hiding behind alternate accounts like a disgraced senator.

At this point, I’m done. I’m free. My sentence is over. Trevor Lawrence’s performance has broken my spirit, humbled my ego, and turned me into a neutral observer of football. Please respect my privacy as I recover",46784.0,negative
1p53mw2,1763946702.0,108,0.99,2,,"You can love him or hate him, but you can't stop the schizophrenia ",321.0,neutral
1p53ikh,1763946363.0,237,1.0,8,,Spot the Difference I see none.,2133.0,neutral
1p539wy,1763945695.0,132,0.98,29,,Trevor “Harvey Dent” Lawrence Can’t you just be normal ,3881.0,negative
1p535kc,1763945346.0,438,0.8,188,,The man who wears #16 got the job done. Stop the slander - Wasn’t pretty but that man can get down the field for game tying/leading drive in any situation ,66226.0,positive
1p530vh,1763944978.0,173,0.79,106,,Cardinal’s best player today. Tough break kid He really wanted the win too 💔 ,14624.0,positive
1p52wth,1763944662.0,115,1.0,7,,Us ,920.0,neutral
1p52vk9,1763944564.0,154,0.99,11,,IF YOUR HEART CAN'T TAKE IT THEN FIND ANOTHER TEAM ,1830.0,negative
1p52ujc,1763944485.0,168,0.99,21,,Trevor Lawrence 2025 ,3659.0,neutral
1p52r5p,1763944223.0,239,0.98,40,,"Jags W, Cardinals ",9603.0,neutral
1p52pkv,1763944099.0,398,0.99,21,,Every week ,8668.0,neutral
1p52pam,1763944079.0,116,0.96,870,,Post-Game Thread: Jacksonville Jaguars (7-4) at Arizona Cardinals (3-8) W,96995.0,neutral
1p4uorw,1763924057.0,141,0.98,8,,"The bestest fan Go Jags!!!!
",1244.0,positive
1p4q0lh,1763913039.0,306,1.0,21,,Can we beat at least 1 backup QB this year? ,6732.0,neutral
1p4a6tn,1763861899.0,132,1.0,21,,"Jaguars’ BJ Green Avoids Fine for Justin Herbert Hit Contrary to recent reports, the Jaguars' rookie undrafted free agent avoided additional sanctions, according to the league. Unfortunately, he still won't get credit for his iconic first career sack. ",2904.0,neutral
1p444sm,1763845399.0,206,0.99,29,,Bully ball is back ,6118.0,positive
1p3rwq5,1763814027.0,255,0.98,73,,Correct ,18493.0,neutral
1p32f8a,1763740876.0,130,0.98,66,,"Weird stat, why does Trevor play better when we are behind? ",8536.0,neutral
1p2ga27,1763675459.0,216,0.99,60,,[1010XL] Jaguars rookie DE B.J. Green II has been fined for his EGREGIOUS roughing-the-passer penalty that nearly KILLED Chargers QB Justin Herbert in last Sunday’s game. Jaguars DE Josh Hines-Allen said he offered to cover the fine. ,13044.0,neutral
1p2fuym,1763674482.0,134,1.0,21,,My Favorite Jaguars player. Cam Lettle. I guess this is Karma for buying a fake jersey. I might still wear it just cuz it's kinda funny.,2948.0,positive
1p2cndu,1763667162.0,125,0.98,4,,Jacksonville Jaguars Week 12 Matchup Doodle :) ,612.0,neutral
1p1ojrx,1763597745.0,118,1.0,21,CAPS,Sounds of the Game: Jaguars Steamroll Chargers in the 'Bank | Jacksonville Jaguars ,2596.0,positive
1p1h7jr,1763580431.0,142,0.97,42,,this graph alone speaks how much progress we’ve made and it hasn’t even been a full year. how are y’all personally feeling after 11 weeks? ,5923.0,positive
1p1h4a6,1763580224.0,199,1.0,58,,Week 12 game predictions ,11741.0,neutral
1p1el2l,1763574795.0,107,0.97,19,,"A fun sequence Bozeman was getting beat like a drum, so he tried this. Pretty hilarious actually",2076.0,neutral
1p1dc6u,1763572039.0,112,1.0,37,,[Adam Schefter] Cardinals already have ruled out WR Marvin Harrison Jr. and RB Emari Demercado for Sunday’s game vs. the Jaguars. They also opened the 21-day practice window for RB Trey Benson. ,4256.0,neutral
1p1bhoe,1763567991.0,228,0.99,5,,Josh Hines-Allen sets the franchise record for sacks. Previously held by Tony Brackens,1354.0,positive
1p17xit,1763559541.0,126,1.0,58,,"Jags have one of the easiest remaining schedules, Colts have most difficult, Chargers have 5th most difficult and we own the tiebreaker. ",7434.0,neutral
1p0wkeg,1763522143.0,173,0.99,6,,The most work Logan Cooke did on Sunday ,1199.0,neutral
1p0ul38,1763516593.0,311,1.0,54,,*2017 PTSD intensifies* ,17105.0,neutral
1p0l03n,1763493291.0,183,0.99,16,,"Hi I’m Maurice Jones-Drew, former NFL running back and current NFL Network analyst — Ask Me Anything! ",3080.0,neutral
1p0f138,1763480067.0,179,0.98,33,,"Wild that Trevor is top 4, but also, jesus christ Josh Allen lmao ",5964.0,neutral
1ozzitl,1763431371.0,229,1.0,19,,Keep Running The Ball!! ,4580.0,positive
1ozwjug,1763423483.0,208,0.95,64,,jags legit af Peep that strength of victory and schedule 👀,12844.0,positive
1ozu3m2,1763417507.0,148,0.99,18,,Tuten drives two defenders into the endzone. ,2784.0,neutral
1ozptnt,1763407875.0,168,0.99,24,,"Thrift store pickup in Madrid, Spain today! ⚡️🌩️ ",4158.0,neutral
1ozl6da,1763397727.0,218,0.99,13,,Tuten’s the GOAT ,3021.0,positive
1ozic4j,1763391220.0,177,0.99,53,,Game on cardinals ,9462.0,neutral
1ozhg4h,1763389076.0,382,0.99,37,,Jakobi Meyers ,14371.0,neutral
1ozg4as,1763385707.0,446,0.98,22,,Trevor 1-0 wearing band. 😤 ,10053.0,positive
1ozfe95,1763383761.0,104,0.97,4,,"I rather enjoy this ""pissed off"" version of the Jaguars ",504.0,positive
1ozey31,1763382435.0,285,0.99,31,,Who knew catching the ball was a good idea ,9029.0,neutral
1oz8ad3,1763357976.0,527,0.99,37,,When you realize the Jags play a backup QB next week ,19826.0,neutral
1oz5q9s,1763349895.0,166,0.99,27,,"[Benjamin Solak] The Jaguars had an offensive success rate of 56.5% today, which is the third-best number of a Trevor Lawrence start. They had a first down conversion rate of 87.9%, which is the best number of a Trevor Lawrence start. ",4602.0,neutral
1oz5cya,1763348827.0,345,1.0,10,,Feel so Good ,3795.0,positive
1oz3wtn,1763344749.0,132,1.0,7,,"My First Jags Game in Jacksonville I was lucky to not only attend a game where they dominated, but the weather was perfect. ☀️ (clear skies and sunny, but not too hot)",1056.0,positive
1oz2l4x,1763341014.0,295,0.99,30,,[NFL+] Trevor Lawrence is now 3-0 in his career vs Justin Herbert (including playoffs) ✅ ,9054.0,positive
1oz2a5n,1763340186.0,163,0.99,30,,[Jacksonville Jaguars] Post Game Locker Room Speech - “Dominated All Three Phases” ,5002.0,positive
1oz0r8x,1763336032.0,252,1.0,26,,"[Michael DiRocco] Per ESPN Research: The Jaguars had 47 rush attempts, the most in a game by an NFL team this season. Jacksonville’s 40 rushes inside the tackles was also the most in a game this season. ",6804.0,neutral
1oz09us,1763334777.0,114,0.98,34,,"Tony Boselli Called Liam Cohen Fat?? Did anyone else hear this by the announcers at the end of the game? Apparently Boselli told Cohen that he wouldn't have a fat coach on his sideline, and so now Cohen has lost 45 pounds since March? Who told the announcers that? Very strange lol",3910.0,neutral
1oyzdvn,1763332557.0,129,0.99,1,,"Jags W, Chargers ",255.0,neutral
1oyz2km,1763331794.0,442,1.0,15,,Logan cooke ,7072.0,neutral
1oyymhh,1763330692.0,466,1.0,30,,The man who wears #33 has my respect.   Hell of a game by this dude ,14446.0,positive
1oyyaqi,1763329887.0,245,0.85,80,,The man who wears #16 has earned my respect ,16868.0,positive
1oyy8kr,1763329738.0,129,0.99,18,,It worked. We should keep it that way ,2426.0,positive
1oyxv13,1763328822.0,142,1.0,5,,Cooke On The Sideline Today ,852.0,neutral
1oyxuue,1763328811.0,104,0.99,1,,I was close… Sent this to my friends a couple of days ago! ,206.0,neutral
1oyx1vz,1763326866.0,230,0.99,15,,This is what playcalling looks like ,3643.0,neutral
1oywvdj,1763326435.0,211,1.0,3,,Another Week I Get to Ignore my Actual Problems!!! ,844.0,neutral
1oywvct,1763326434.0,118,0.76,130,,"If ya'll mad at Lawrence last week If ya'll mad at Lawrence last week for giving up 26 points on defense last week in the 4th quarter and wanting a new QB, are you now happy he only gave up 6 points on defense the whole game verses the Chargers?

/s sh*t post for all the clueless TLaw haters.",11748.0,positive
1oywtap,1763326292.0,352,0.99,20,,Shoutout to this fan in the stands who gets to live another week. Duuuuvaaal! ,7318.0,positive
1oywsrm,1763326257.0,821,0.98,77,,We Won AND Looked Really Good! ,62757.0,positive
1oywsm3,1763326246.0,133,0.99,3,,So back baby ,527.0,positive
1oywrv6,1763326199.0,113,0.99,442,,Post-Game Thread: Los Angeles Chargers (7-4) at Jacksonville Jaguars (6-4) W,49558.0,neutral
1oywktq,1763325740.0,413,0.98,29,,Trevor Lawrence benched ,12142.0,negative
1oyu21p,1763319818.0,281,0.99,24,,[John Shipley] Josh Hines-Allen now has the #Jaguars all-time sack record. ,6955.0,positive
1oyodk7,1763306485.0,112,0.97,13,,My friend drew this after our Monday night football win Just thought I would try and post something positive for us today ,1521.0,positive
1oykw97,1763297288.0,205,0.97,14,,Representing Duval in Madrid! ,2983.0,positive
1oykcx5,1763295626.0,157,0.98,36,,"[Ian Rapoport] When Travis Hunter returns to the field after recovering from his LCL tear, he’ll do so as a two-way player. The #Jaguars plan to continue his current trajectory. ",5693.0,neutral
1oxzbes,1763231978.0,113,0.96,22,,TIL Justin Herbert's brother is on our team now ,2495.0,neutral
1oxxh9p,1763227607.0,445,0.98,34,,We back baby ,15263.0,positive
1oxchbs,1763163929.0,330,0.97,51,,All Pro Trev incoming ,16645.0,positive
1oxaizr,1763159044.0,146,0.99,37,,Jags Vs Chargers Game Preview Picke ,5493.0,neutral
1owcqks,1763067387.0,104,1.0,19,,Week 11 Uniforms ,2080.0,neutral
1ovewa4,1762975809.0,546,0.99,34,,Take me back 😭💔 ,18919.0,neutral
1ovayie,1762967385.0,265,0.97,30,,Me watching the defense get zero sacks against a putrid chargers o line ,7969.0,negative
1ouvk7z,1762921311.0,227,0.99,7,,See you next week. ,1798.0,neutral
1oukj89,1762892940.0,125,0.98,24,,Quite possibly the worst 48 hours of Jags football/news I could experience ,3062.0,negative
1oujwia,1762891490.0,283,0.99,199,,[Rapoport] Travis Hunter underwent season-ending knee surgery. It was an LCL repair. ,56034.0,neutral
1oug8nk,1762883490.0,105,0.99,27,,"Falcons fan in Rhode Island, but look what I found at the local thrift store! Prototype logo in the wild!",2911.0,neutral
1ouaa3z,1762869870.0,158,0.96,51,,(Lmao) Barstool forgets to place Jags in their AFC power rankings ,7887.0,neutral
1ou9g71,1762867721.0,151,0.96,43,,"Just hang in there, yall ",6378.0,positive
1ou0ana,1762835817.0,710,0.95,95,,Been sittin on this baby ,64752.0,neutral
1ott60t,1762816169.0,154,0.96,36,,Has anyone seen this man? ,5470.0,neutral
1othowi,1762790646.0,124,0.86,347,,"Trade Trevor then what? People keep saying  Shedeur Sanders, Mac Jones, and random backups, but what are they going to do differently? Our offensive line is terrible, our best receivers are hurt, and the defense isn’t exactly helping either. It’s basically the same situation as last year. What’s crazy about the Trevor hate is how people keep comparing him to QBs who have way better supporting casts. Josh Allen can sit in the pocket forever behind that Bills Oline, but when Trevor tries to make a play, suddenly “he’s holding the ball too long.” Be for real dawg our Oline looks like ass majority of the time. Will Anderson destroyed Walker Little yesterday, yet the first person everyone blames is Trevor. How does that make sense? You can’t fix the QB problem by bringing in a new QB. If Mahomes is at QB does that stop us from getting the most crucial false start of the game? It’s almost like football is a team sport. ",37111.0,negative
1othe0s,1762789972.0,122,0.98,23,,[Ruiz] After taking a 29-10 lead the Jaguars O Line gave up a 100% pressure rate ,2869.0,neutral
1ot6wb5,1762757225.0,560,0.96,148,,How it feels being a T-Law Truther after the Texans game ,80102.0,neutral
1ot2py7,1762743462.0,148,0.98,99,,"[Ruiz] T Law after taking a 29-10 lead: 6 dropbacks, 100% pressure rate, 3 sacks, 2 rushes for 24 yards, 0/1 (pass batted down) Doesn’t include the RBs also got TFL 2/4 Carries",14504.0,neutral
1ot184u,1762739144.0,168,0.91,140,,"Trevor Lawrence now has the 2nd lowest passer rating in the entire NFL at 79.3, behind guys like Bryce Young, Geno Smith, and Dillon Gabriel. Only Cam Ward is worse. ",21556.0,negative
1ot16ov,1762739032.0,143,0.83,137,,"This is a rebuild For those of you who may (somehow) be unaware, this is a rebuild year. 

I thought it was obvious when Pederson and Baalke were canned and Khan brought in Coen and Gladstone; but some people are still confused, it seems.

Before the draft, we all readily admitted that there were more holes in the roster than we could adequately fill in a single draft. We had very few pieces to build around, on either side of the ball. The entire OL needed to be changed, 2x IDL, 2x S, 2x CBs, 2x LBs, 2x WRs, 2x TEs, and depth across the board. Realistically, it was impossible to overhaul in a single off-season.

Pre-season predictions, most people were going to be happy with .500 and exciting play-calling. We had zero hope of making the playoffs. We were happy to find out what Coen could do and even those of us who disagreed with the trade-up for Hunter, were happy to have a GM that was making upward moves; rather than constantly moving back with nothing to show for it.

We started out the season over-performing. Everyone was on cloud 9 and coming off the victory over the Chiefs; talking their shit. Then we get to the most recent slate of games and adversity has brought expectations back to reality, but some people are ready to burn it completely to the ground.

Whether you’re still optimistic about the direction we are headed or fully “doom and gloom”, try to remember that it’s a rebuild and we are still over-performing. The playoffs are still a real possibility.

Finally, I had an excellent leader once tell me “Don’t bring me problems, bring me solutions”. What that means is, be proactive with a solution rather than simply reacting to a problem. 

if you have a problem or criticism try to come with a solution to that problem. Instead of “Lawrence needs to go”, “Bench BTJ”, or “JHA sucks”; try “Lawrence needs to be traded for *playerX*” or “Gladstone should draft *PlayerY* to compete for the starting job”. 

TLDR: if your comment doesn’t go deeper than “He sucks”, I’m going to assume you’re just being reactionary, don’t know what you’re talking about, and don’t have a valid argument.

DTWD, Gents.",16379.0,positive
1oswzs8,1762727708.0,239,0.98,18,,Wake me up ,4450.0,neutral
1oswl96,1762726712.0,127,0.98,58,,"We should be most upset with the pass rush Everyone has how they feel about Trev. He is probably just average and thus overpaid - that’s not great but there it is. 

But the pass rush. Theoretically two high level ends that should have been feasting with a big lead. Instead clean pocket against one of the worst offensive lines in recent memory. 

This team probably wins 8-10 games this season still, but my goodness. Protect your qb and rush theirs, the play in the trenches will hold us back forever.",7343.0,negative
1osw2ax,1762725452.0,1122,0.91,331,,Trevor Lawrence: ,338979.0,neutral
1osvpjr,1762724595.0,309,0.98,17,,Fixed this meme to fit us a little better ,5451.0,neutral
1osvoez,1762724522.0,178,0.98,20,,How it feels to be a Jags fan ,3663.0,neutral
1osvn3p,1762724436.0,241,0.97,50,,i don't want to see this guy on our team ever again. CUT HIS ASS guy cost us a possible game-winning field goal with his stupid penalty.,11922.0,negative
1osvmht,1762724399.0,113,0.97,8,,There’s how many games left? ,986.0,neutral
1osvk3f,1762724244.0,164,0.99,4,,I hate this team ,812.0,negative
1osvi6d,1762724115.0,345,0.98,92,,Get Walker Little Off The Team ,31443.0,negative
1oslqov,1762701071.0,127,0.98,3,,Jacksonville Jaguars Week 10 Gameday Doodle! ,498.0,neutral
1os9m6t,1762661274.0,147,0.98,25,,"NFL fines Texans LB Azeez Al-Shaair, again……Go Figure… ",3746.0,neutral
1or9u0i,1762558168.0,367,1.0,45,,Steelers offered same deal to Jakobi Meyers and he chose to come to Jax ,16882.0,neutral
1or1t1g,1762539256.0,131,0.99,42,,"[1010 XL] BREAKING: Brian Thomas Jr. is OUT for Sunday's game. BTJ will miss the Houston game due to an ankle injury, per @ESPNdirocco. #Jaguars | #DUUUVAL ",5577.0,neutral
1oqw2a7,1762526205.0,213,0.99,124,,"Bianchi: The Jaguars are coming to Orlando in 2027 Most assumed, but in the article he says UF and Orlando have already been told of the decision.  ",26359.0,neutral
1oqsvcx,1762517886.0,151,0.97,6,,"Behind enemy lines, shouting Duuuval’s all night!! ",1025.0,positive
1oqfmf5,1762474487.0,118,0.99,26,,Love this guy ,3154.0,positive
1oq6ks5,1762453251.0,102,0.99,20,,"The teachers, and the tragedy, that made Jaguars head coach Liam Coen ",2121.0,neutral
1oq604l,1762452008.0,172,1.0,56,,"[NFLTradeRumors.co] According to Over The Cap, the Jaguars restructured the contracts of LB Foyesade Oluokun and DT DaVon Hamilton to create $3.15 million in 2025 cap space. ",9804.0,neutral
1oplx53,1762393205.0,290,1.0,28,,These 5 teams are trending up this year after tough seasons in 2024 https://x.com/nflonfox/status/1986222000759828503?s=46&t=FpFflOWaIBpw-VtZB6L1eA,8410.0,neutral
1opewyy,1762376102.0,164,0.99,70,,[Schefter] Texans HC DeMeco Ryans said QB CJ Stroud “will be out” this week versus the Jaguars as he remains in concussion protocol. Texans QB Davis Mills starts. I’d feel more positive about this if it wasn’t for our horrible record against backups… ,11528.0,negative
1opbylb,1762369586.0,166,1.0,53,,"Jordan Schultz on Instagram: ""Sources: The Jaguars were active in exploring a trade for Jets DT Quinnen Williams before he was dealt to Dallas.

New York ultimately made the deal with the Cowboys, but Jacksonville made a “strong push” and it wasn’t for a lack of trying."" Interesting to see that we made a push. Ultimately I don’t think we had the resources to match the Cowboys without next year’s first, but it’s clear that the area is still a priority.",8964.0,neutral
1op8nq4,1762362591.0,357,1.0,20,,Jaguars K Cam Little Wins AFC Special Teams Player of the Week ,7497.0,positive
1op6z9w,1762358957.0,105,0.96,11,,What happens when people don't wash their hands at the game ,1210.0,neutral
1op5cm5,1762355275.0,200,1.0,18,,[Michael DiRocco] New Jaguars WR Jakobi Meyers will wear No. 3. Apparently No. 16 was unavailable for some reason. ,3800.0,neutral
1oolryf,1762296051.0,558,0.99,40,,My thoughts on Jakobi Meyers ,22649.0,neutral
1ook7do,1762292452.0,409,1.0,29,,The passion ,12270.0,neutral
1oocam0,1762274884.0,177,1.0,23,,"[Ian Rapoport] Travis Hunter is not expected to be out long-term for the #Jaguars, though he is out at least 3 more games. He'll be back to contribute in the pass game, as well. ",4248.0,neutral
1oobtg0,1762273828.0,478,1.0,223,,"[Schefter]ESPN sources: Raiders are trading WR Jakobi Meyers to the Jacksonville Jaguars in exchange for fourth- and sixth-round picks. Multiple teams including the Steelers and Jaguars had shown interest in Meyers, who is scheduled to become a free agent after his contract expires ",107072.0,neutral
1oo87gw,1762265601.0,171,1.0,37,,"[Jonathan Jones] “There are a lot of eyes on Jacksonville and first-year GM James Gladstone. The Jags are looking around the league, and many believe he won't be afraid to send away more picks to acquire talent.” “Jacksonville is a bit of a wild card because sources see them going after a receiver, or defensive backfield or interior defensive line.”",6498.0,neutral
1onvz5z,1762223997.0,362,0.99,67,,Brandon Aubrey just attempted to tie Cam Littles 68 yard field goal record ,24370.0,neutral
1onsh8c,1762214533.0,262,1.0,30,,"[Daniel Griffis] “Travis Etienne forced a season-high NINE missed tackles on 22 rush attempts, generating 43 yards after those missed tackles.” ",8122.0,neutral
1onmf59,1762200418.0,152,0.97,43,,"Yesterday's win means a lot I feel like we had no business winning that game. O-line is trash. Trevor is sick. No Lloyd(lock down TE guy), no Cb1 Cb2, travon ejected, wr1 wr2 wr3 out/hurt. At one point we had 0 TEs and 3 WRs. We took the field with our core as Tim Jones, Parker Washington, Austin Trammell, and a injured Hunter Long. In what world is that a solid unit to play a full quarter with. And we won. Had no business winning that imo. But we did, and I think that means something. 

Lloyd and Strange back next week. BTJ had a good game hopefully this was the turning point for him. Hopefully Dyami isnt out. And Gladstone is hopefully cooking a nice trade for a wr/db. Im feeling great",6487.0,negative
1onm65j,1762199876.0,305,0.99,3,,They should have checked with DaVon first. ,1208.0,neutral
1onknzn,1762196541.0,161,0.97,35,,Mark Schlereth's post-game comments were interesting ,5622.0,neutral
1onjnzs,1762194375.0,256,0.95,126,,"Mark Schlereth Was that the most biased, garbage announcing you've ever heard? Constant criticism of Jacksonville and only praise for the Raiders in a back and forth game. I've never heard anything like that.",30886.0,negative
1onh7j4,1762189152.0,121,0.98,47,,"[Jordan Schultz] Sources: The #Dolphins have been open to trading 5x Pro Bowl S Minkah Fitzpatrick, and there has been interest from multiple teams. ",5692.0,neutral
1onfy6w,1762186399.0,123,0.96,64,,[OC] Frame by frame of the Trevor pick. Dyami was open in the endzone but the linebacker pulls him backwards before the pass to get in front of it. Screen to Etienne was completely compromised. ,7675.0,neutral
1onfiwk,1762185463.0,112,1.0,21,,[Baldinger] .@Jaguars @Raiders @dmhamilton53 is the star of this game by batting down a 2 point try as the #RaiderNation goes for the WIN. #duval #BaldysBreakdowns i am disgusted by our secondary. thankful for Davon for putting his hands up.,2464.0,negative
1on0swp,1762138742.0,116,0.99,6,,*jaws theme music* ,804.0,neutral
1on0lqm,1762138155.0,250,0.99,13,,"Every week makes me miss him more We looked better today, but we need this man back healthy.",3465.0,neutral
1omzxy2,1762136216.0,248,1.0,14,,"[Jaguars] Little: “Man, I’m so proud to be in this organization, and be a part of something where the culture and having each other’s back means something” ",3720.0,positive
1omzxcv,1762136171.0,267,1.0,36,,"[JaguarsPR] With two rushing touchdowns in today's game, @trevorlawrence now has 18 rushing touchdowns in his career. That is the most by a quarterback in franchise history, passing David Garrard (17). 
",9879.0,positive
1omzq0f,1762135597.0,120,1.0,6,,The goat ,840.0,positive
1omzd6y,1762134605.0,113,0.98,23,,"With the win tonight, Trevor now holds half the Jags win in pacific time zone We have six wins in pacific time zone in franchise history, Trevor has three.

Beat the Raiders in 97, 04 and 19 without him.

Beat the Chargers in 22, 49ers and Raiders in 25 with him. ",2658.0,positive
1omzb3x,1762134441.0,175,0.97,28,,How it feels hating on Dewey😭 It was always the jags😭😭😭 I love him but I just can’t watch him in coverage anymore,4923.0,negative
1omyxvn,1762133387.0,176,1.0,38,,Hello beautiful. Sight for sore eyes ,6864.0,positive
1omyqsl,1762132822.0,387,0.99,56,,"[Mia O'Brien] Liam Coen says Trevor Lawrence was indeed throwing up all night and AM. “Pale as a ghost” throughout the game. 
",21838.0,neutral
1omyenp,1762131880.0,107,0.99,3,,"Little did you know he'd do it again After the last few weeks, what a day for the best leg in the league.",424.0,positive
1omybfq,1762131634.0,411,1.0,7,,Cam Little ,3288.0,neutral
1omyay8,1762131597.0,907,0.99,46,,"Some love for ETN, he played his damn tail off today! ",42203.0,positive
1omy4wg,1762131135.0,332,0.99,15,,Trevor when he remembers he can run the ball. ,5259.0,positive
1omy3uq,1762131059.0,276,1.0,17,,Finally got our very own Pete Carroll reaction ,4968.0,neutral
1omy1lb,1762130884.0,424,1.0,44,,Parker Washington That is all.,19080.0,neutral
1omxug0,1762130328.0,361,1.0,5,,First time we get to use it this year! ,2166.0,neutral
1omxtcr,1762130244.0,545,0.95,77,,"no receiver, no tight end, no problem. ",40384.0,positive
1omxpmu,1762129954.0,192,0.99,8,,W is a W baby ,1711.0,positive
1omxpiw,1762129945.0,240,1.0,7,,JAGS WALK AWAY 5-3 IN VEGAS ,1920.0,neutral
1omxpfn,1762129938.0,318,1.0,18,,DAVON HAMILTON IS A JAG What a beauty,6042.0,positive
1omxmjz,1762129725.0,187,0.99,665,,Post-Game Thread: Jacksonville Jaguars (5-3) at Las Vegas Raiders (2-6) W,123297.0,neutral
1omxg04,1762129218.0,234,1.0,18,,"[DiRocco] Josh Hines-Allen's second sack gives him 55.5 for his career, which is the franchise's career record. He surpassed Tony Brackens (55). ",4446.0,neutral
1omv11a,1762122824.0,634,0.99,35,,Cam Little Does it Again! ,22596.0,positive
1ompya0,1762110666.0,115,0.96,14,,First Jags game! Throughly enjoying my first Jags game experience!,1656.0,positive
1omnmug,1762105245.0,150,1.0,46,,"[Shipley] Jaguars announce QB Trevor Lawrence has an illness, but this does not impact his game status and he is still expected to start vs. the Raiders ",7050.0,neutral
1omnmr1,1762105240.0,214,0.98,18,,"Then & Now Almost a year since the number of Jags fans in my household doubled.

They ~won't~ shouldn't be up for tonight's game (2105 local time) but they're wearing their jersies today to show their support",3985.0,neutral
1omn45h,1762104048.0,441,1.0,28,,plz ,12789.0,neutral
1ombvk8,1762071205.0,182,0.99,27,,"[Michael Silver] The Jaguars are confident that rookie Travis Hunter did not sustain any longterm damage to his knee after suffering a non-contact injury in practice Thursday. The Jaguars are confident that rookie Travis Hunter did not sustain any longterm damage to his knee after suffering a non-contact injury in practice Thursday. Hunter, the second overall pick of the 2025 draft, was placed on injured reserve Friday, meaning he'll miss at least the next four games. The Jaguars are evaluating the best course of treatment over the next two weeks and have no intention of rushing him back.",5045.0,neutral
1ol8j4b,1761950787.0,146,1.0,60,,More bad news. Patrick and Morris out. Expect them to activate another ps TE ,8906.0,neutral
1ol5jqg,1761942944.0,279,1.0,54,,[Schefter] Initial testing has revealed Travis Hunter's ACL is intact. ,15345.0,neutral
1okywz1,1761927391.0,151,0.99,8,,"Turn on the TV, doesn’t matter what channel ",1345.0,neutral
1okwmwt,1761922169.0,447,0.98,272,,Pain: Travis Hunter to IR. Out for at least the next 4 games. ,119590.0,neutral
1ok7wwt,1761849562.0,150,0.95,88,,"With the white helmets seemingly forgotten about, do y’all think they should be brought back or no? ",12682.0,neutral
1ok6ke9,1761846557.0,138,0.99,2,,Jacksonville Jaguars Week 9 Matchup Doodle (Halloween Edition) ,410.0,neutral
1ok3czy,1761839438.0,272,0.99,55,,Experts like the Jags. Oh no. ,15080.0,neutral
1ojizf4,1761777630.0,111,0.97,31,,Expected Points Added (or Lost) from Drops for QBs ,3445.0,neutral
1ojh5g8,1761773204.0,517,0.97,114,,Well what do ya know? ,57671.0,neutral
1oj6s57,1761749864.0,372,0.99,28,,"🥹🥹🥹[Schefter] Potential history: The Denver Broncos are signing 41-year-old tight end Marcedes Lewis to their practice squad. If they promote him to their active roster to play in a game, he would become the oldest tight end to play in a game in NFL history. ",10680.0,neutral
1ohjgd8,1761583299.0,225,0.99,76,,"[Stevens] “We have no plans of moving Brian Thomas Jr. at all.” 

Jaguars HC Liam Coen weighs in on the trade rumors involving BTJ during the bye week Sorry, Dianna.",17152.0,neutral
1oh6udo,1761544929.0,496,1.0,24,,Go jaguars ,12400.0,positive
1ognyit,1761493667.0,136,0.9,73,,"Less than 2 years ago… We were 7-2 and Trev was truly involved in the MVP discussion. Shanahan comes in - exposes Fortner and our line - and the wheels fell off. 

Yes, Trev needs to get better. Sitting 25th in QBR along with Tua is all the proof we need to back that statement. Yes, drops are real. But Trev being the common denominator? Kirk and Engram didn’t drop a thing. He closed that KC game with some big boy throws. I want to dwell and panic like everyone else, but let’s not forget how Baker and Darnold were running scout teams and have turned the tides positively…how CJ and Tua were anointed as the next big thing because of stats and are now swamp ass. 

Forget footwork and his “too hard” throws with no touch…I just think he needs some mental strength training / leadership awareness etc more so than the physical. 

We are limited to 10hrs a week of practice. We are 7 weeks into a new system with a handful of camp weeks; he’s not wearing the wristband anymore and calling the plays in the huddle as they are communicated to him. I’m bullish that he/we will figure this out. Downvote me for saying this, but just trying to find a positive vibe while still recognizing he/we have gaps to fill. ",9058.0,negative
1ofsr7h,1761402078.0,177,0.96,196,,"[Dianna Russini] While a move is highly unlikely, the Jags are listening to offers for BTJ. Also shopping for defense ",33474.0,neutral
1ofi5l3,1761365438.0,131,0.99,9,,Jaguars locking in after bye week ,1297.0,neutral
1ofgk48,1761360200.0,143,0.98,30,,"Jags will bounce back Saw this on FB. Made me feel a little better about where the Jags stand. I hope it makes you feel better too. 

**Lets look at the Facts**

**1) the Jaguars in Wk1-7 had the 3rd Toughest Sos(Strength of Schedule) in the league and have a winning record wk 8-18 jags have the third Easiest Sos**


**2) the last two games Jaguars looked bad**


**3) The last two Games the Jags had 16 key players injured this includes most of the Starting OL TE LBs Saftys and DL and a Wr**


**4) The last 3 games Jags have also had the 1st Toughest Sos MNF KC> SEA on sort week> LAR in London**


**5)Lawrence over the last 4 only has 1 int (that we all know came off a no call DPI)**


**6) The Jags are top 10 in 6 different stat categories with 3 players still in top ten**


**7) Trever Lawrence has the 10th most passing yards in the NFL**


**8) Week 8 Bye comes at a perfect time as we expect everyone back for week 9 fully healthy and on the same page**


**We’re sitting 4-3 going into bye with the third easiest schedule in the league ahead of us key players will return Trever has continued to improve we will bounce back**
#staycalmduval",4344.0,positive
1oeberx,1761244832.0,110,0.99,17,,"New(ish) Jags fan confirmed! Been casually following the NFL and Jags in particular for a couple of years but now I am ready to make my fandom of the Jags official. 

I saw this photograph on social media. Caption was 'Jaguars backing the Saracens! 🏉🏈'

I should explain that Saracens are the rugby team that I support, therefore I have taken this as a sign that I need to nail my colours to the mast and officially adopt the Jags as my NFL team.

I guess I'll sign off by shouting... DUUUUUUUVVVVVAAAAALLLLL! Am I doing it right?

Also, if any of you ever want to try watching rugby then you will be very welcome to become a Saracens fan!  
",1960.0,positive
1oe733e,1761235042.0,118,1.0,45,,[Jaguars] A look into the team's bye week meeting ,5428.0,neutral
1oe42il,1761228088.0,206,0.98,45,,"[Daniel Griffis] For a QB who has struggled with turnovers, Trevor Lawrence actually has the lowest “Turnover Worthy Play %” (2.9%) of his career this season. Yes, even lower than his 8-INT season in ‘22. ",9286.0,positive
1oe3dni,1761226379.0,122,1.0,21,,"Fred Taylor (2025 Finalist) and Jimmy Smith Advance in 2026 HOF Voting Process Not much of a surprise here, but Fred Taylor and Jimmy Smith will advance in the HoF voting process.  Next step is to narrow down to 25 semifinalists.

https://www.profootballhof.com/news/2025/10/52-modern-era-players-advance-in-voting-process-for-hall-of-fame-s-class-of-2026/
",2684.0,neutral
1odzeex,1761214215.0,139,0.94,39,,🤯 ,5226.0,neutral
1odompp,1761177621.0,112,1.0,15,,Coke Bottles One of my wife's regulars at work brought her this today. All bottles are unopened. She wears her Hines-Allen jersey every Sunday so her customers are always talking football with her. But I just thought this was too cool. ,1792.0,neutral
1odbz6w,1761148123.0,333,1.0,29,,[Mic'd Up] Travis Hunter meets up with Matthew Stafford and Davante Adams postgame ,9990.0,neutral
1odbweq,1761147954.0,131,0.95,41,,Eazy E explains the origin of the DUUUUVAL chant ,5227.0,neutral
1od7p2f,1761138223.0,103,0.78,102,,"Contrary to popular belief, Trevor is NOT being paid like a top tier QB Contrary to every story you ever hear about Trevor and the money he is making vs his production on the field, he is NOT making $55 million per year, or anything close to that number. That number is just taking the total value of the contract, and dividing it by years of the contract (Average Annual Value, or AAV). This is, of course, not how it actually works AT ALL.

Now none of us pay Trevor, we just really care about how much of the salary cap Trevor is taking up that could impact the rest of the roster construction. The only thing we care about is the cap hit. Everything listed here is publicly available on spotrac.com, I've simplified it a bit, but its all laid out there very plainly. I will give you some of the numbers of QBs Trevor and his AAV is compared to on a regular basis:

------------------------------------------

Joe Burrow 2025 cap hit: $46 million

Jose Allen 2025 cap hit: $36.3 million

Patrick Mahomes 2025 cap hit: $28 million

Lamar Jackson 2025 cap hit: $43.5 million

Jordan Love 2025 cap hit: $30 million

Jared Goff 2025 cap hit: $32.6 million

Tua 2025 cap hit: $39 million

Justin Herbert 2025 cap hit: $37 million

-----------------------------------------------
**And now, for the moment youve all been waiting for:**

Trevor Lawrence 2025 cap hit: $17 million

-------------------------------------------------

Any time you see someone say Trevor is making $55 million, or that he is being paid ""like the best QBs in the league"" they have not done any amount of basic research, and have just calculated AAV in 5 seconds and called it a day (or just listened to someone say the AAV and took that at face value, more likely). His cap hit is a lot less than most teams are taking for their QBs that aren't on rookie deals, and that's just the facts.

You can have whatever opinion of Trevor's play that you like, this is not an argument on if Trevor has been nebulously ""good"" or ""bad"" or whatever. This is about the argument that Trevor ""isn't a 55 million dollar QB"" because he isn't, because were not paying him that.",8275.0,neutral
1ocv3gs,1761096388.0,117,0.99,46,,So you’re sayin’ there’s a chance??  Strength of schedule from The Athletic based on remaining opponents' Super Bowl odds. ,5444.0,neutral
1oclhg3,1761072754.0,153,0.96,66,,"Signs you don’t have a WR 1 1.You have 9 passing touchdowns on the season going to 8 different players. 

2. You don’t have a single player averaging over 60 yards. 

3. Your player with the most receptions is only averaging 4 a game. ",9841.0,neutral
1ocd1hg,1761053480.0,302,0.99,147,,"[Daniel Griffis] The #Jaguars rank 32nd in the #NFL at converting “Catchable Targets” into Catches, according to FTNFantasy. Brian Thomas Jr ranks 83rd among 83 WRs, catching just 64.3% of his catchable targets. ",44249.0,neutral
1obxym4,1761004734.0,232,0.97,47,,"“It’s on me,” Coen said. ",10802.0,neutral
1obxv8v,1761004478.0,334,0.67,224,,The first step in recovery is accepting our QB is not a QB1 ,50350.0,negative
1obx5rc,1761002536.0,101,0.91,75,,[Scott Barrett] Most incompletions due to dropped passes or WR error For all the TLaw haters.,6985.0,neutral
1obnri1,1760979938.0,369,0.99,41,,"The offensive scheme McVay rolled out against us was honestly a masterclass in game planning I felt like there was something slightly different about the Rams offense while watching the broadcast but couldn't quite put my finger on it. 

The all-22 and post-game stats were uploaded, and tbh I've never seen anything like this...

&nbsp;

### Background on the scheme

McVay is notorious for his insanely high usage of 11 personnel (1 RB, 1 TE, 3 WR); he has consistently averaged ~90% usage rate for the past several years, while the league average is only 60%. 

A lesser-used package, 13 personnel (1 RB, 3 TE, 1 WR), is often reserved for goal-line and short yardage situations. The league averages ~4% usage, and rush-pass splits on these plays are heavily skewed to rushes (~80%). This personnel can be difficult as a defense due to the amount of rules each player needs to be aware of with the run fit. It also forces defenses to play a similarly heavy package to match up with the amount of big bodies on offense. 

This usually results in having the #1 CB play on an island vs the lone WR, extra LBs and safeties that have better run-stopping skills than pass-coverage skills to account for the bigger TEs and rushing threats, and high amounts of communication to keep gap integrity.

Here's a table of the Rams offensive plays for the past 3 seasons, and how often each personnel was used:

season | total plays | 11 personnel | 13 personnel
---|---|----|---
2022 | 1001 | 908 | 0
2023 | 1094 | 1035 | 1
2024 | 1040 | 857 | 3

&nbsp;

### How did McVay play against us?

Out of 62 offensive plays, the Rams deployed 13 personnel almost ***30 times***.


Here is a table of the top 5 teams in 13 personnel usage through 6 weeks in 2025 (may need to manually scroll over to see entire table if using iOS Reddit app):

| RANK | TEAM | PERIOD | TOTAL PLAYS | 13 PERS PLAYS | RATE |
| :--- | :--- | :--- | :--- | :--- | :--- |
| 1 | Pittsburgh Steelers | 2025 | 327 | 52 | 15.90% |
| 2 | Indianapolis Colts | 2025 | 361 | 48 | 13.30% |
| 3 | Baltimore Ravens | 2025 | 325 | 41 | 12.62% |
| 4 | Detroit Lions | 2025 | 359 | 36 | 10.03% |
| 5 | Arizona Cardinals | 2025 | 371 | 37 | 9.97% |
| 6 | LA Rams | 2025 Week 7 vs JAX | 62 | 30 | 48.4% |


In short, the Rams used 13 personnel more times in this one game than 26 other teams have done all season- this single game against JAX would've ranked at #6 on its own.

&nbsp;

### It gets better

Remember the earlier stat about 13 personnel being mostly running plays?

3 of the 4 passing TDs against us came out of 13 personnel

Every one used motion, and every motion caused movement/reassignments by our defense, and every one of those caused either a highly favorable 1 on 1 matchup (Lewis(?) vs Adams first TD) or a big enough miscommunication/hesitation in our side's coverage responsibilities (Wingard and Murray on several occassions, not just on the TD plays).


&nbsp;

### tl;dr / closing


Yeah our defense was turbo ass, but I don't know how any DC reasonably prepares/reacts to that type of offense being rolled out, which is not only rare in general but nearly non-existent in the team's multi-year history. They only have a limited time to practice, so if up against a team like the Rams who run 11 personnel 90% of the time, you bet your ass they're practicing/prepping for 11 personnel 90% of time too, or at least not even thinking about the possibility of going up against 13 more than for a play or two.


Tack on the fact that it was done in response to Puka being out so it made their usual 11 personnel a lot weaker, and possibly by them scouting our lack of depth / experience to match up against 13 personnel in general (plus Lloyd and Walker injuries), and a lot of it was during their opening (aka already scripted) plays in the first 1-2 quarters, so it's not even a ""oh shit they can't stop x today so let's keep running it""; nope it was all done during the week before during meetings. They already knew it would work.

This was honestly a Ben-Johnson sicko mode batshit insane level of game planning and execution, even by McVay's standards.",15343.0,neutral
1ob9esb,1760930809.0,119,0.95,132,,"How concerned are you about BTJ? Genuinely what could the issue be with him right now? I refuse to believe his rookie year was a “fluke” like some of my coworkers have been bugging me about… Does anyone actually have some valid theories as to why it seems he has regressed so much? I hate to be the guy, but the dude obviously played way better with Mac Jones than he has with TLaw both last season and this season…",15036.0,neutral
1ob8k75,1760928236.0,137,0.98,25,,We Gotta Believe ,3491.0,positive
1oazlm4,1760904306.0,117,0.92,86,,[John Shipley] K’Lavon Chaisson and Tyson Campbell have combined for more touchdowns in Week 7 than the #Jaguars offense. ,9365.0,neutral
1oaynig,1760902088.0,436,0.98,48,,Jimmy Smith gotta save us 😭 ,20937.0,positive
1oavwby,1760895713.0,338,0.99,27,,Worst Performance Yet Last week I had people tell me I was doomer. They must be new here.,9369.0,negative
1oavevn,1760894588.0,209,0.99,55,,Sliding into the DMs of 31 GMs on the flight home. ,11587.0,neutral
1oavebl,1760894549.0,196,0.99,5,,We’re so back ,1164.0,positive
1oav9y6,1760894264.0,203,0.99,4,,Jaguars football is BACK baby ,1005.0,positive
1oao0m8,1760875774.0,287,0.95,36,,"This is our house! Jags by a million, LFG!!! ",10088.0,positive
1oani3p,1760874086.0,150,0.98,10,,Let’s goooooo Just got into Wembley,1617.0,positive
1oa15tb,1760807047.0,116,0.97,29,,Shad Khan’s boat at London Tower ,3376.0,neutral
1oa0dxi,1760805177.0,155,0.87,23,,"I’m the guy that said Duuuval at Big Ben If you were walking past Big Ben with your girlfriend on Saturday wearing a Jags hat, I said Duuuval when we passed on the street. 

Go jags!",3236.0,positive
1o9jhmi,1760752352.0,126,0.97,48,,99% sure I saw the BOAT at Disney World. ,5989.0,neutral
1o9hunc,1760747455.0,139,0.99,25,,Crazy how the backup 7th round rookie outplayed the starters last week. I really hope that was a fluke game because outside of last week they have looked amazing this season. ,3578.0,positive
1o9b0aj,1760729926.0,139,0.99,13,,"Shahid Khan and Stan Kroenke will battle twice this weekend. Saturday Fulham v Arsenal, Sunday Jaguars Vs Rams ",1927.0,neutral
1o97ca1,1760721511.0,253,0.98,50,,Stopping the Rams offense is still going to be tough on Sunday. ,12645.0,negative
1o94rt0,1760715705.0,130,0.98,30,,Puka ruled out for our game against the Rams on Sunday ,3949.0,neutral
1o92yln,1760711622.0,167,0.99,34,,"Oh hey, they added a guy ",5787.0,neutral
1o8d3ar,1760637025.0,194,0.98,6,,Jacksonville Jaguars Week 7 London Games Matchup Doodle :) ,1331.0,positive
1o7tqvw,1760579318.0,148,0.98,50,,NFL Game Picks - Jaguars Vs Rams ,7397.0,neutral
1o7lphb,1760558929.0,206,0.99,51,,Jaguars looking to make Travis Hunter more of a focal point on offense after rookie's slow start ,10605.0,neutral
1o7875g,1760527041.0,354,0.96,186,,"""But trevors the problem"" I just think people need to atop overreacting losses yes the oline was terrible but once hainseys back we should be fine and we are 4-2 lol ill take 4-2 everyday. You're gonna have losses",63550.0,neutral
1o6k2pg,1760458890.0,400,0.99,7,,Brought the Jaguars to Thailand ,3168.0,positive
1o6jfor,1760457495.0,580,0.95,122,,How commentators treat Tlaw ,67773.0,neutral
1o6h65d,1760452418.0,235,1.0,103,,"[Spotrac] The #Jaguars converted $8.8M of CB Greg Newsome II's salary into signing bonus, adding 4 void years, creating $7M of cap space for 2025. JAX now heads toward the 11/4 trade deadline with around $12M of room to work with. ",24440.0,neutral
1o5xq5h,1760392959.0,110,0.96,52,,[JaguarsPR] Devin Lloyd and Quinten Morrison ruled out for London game ,5597.0,neutral
1o5r4xl,1760378457.0,104,0.99,22,,"[Mia O’Brien] Robert Hainsey, who was Limited in practice Friday, will travel with team to London ",2368.0,neutral
1o5r2bb,1760378311.0,129,1.0,13,,"[Mia O’Brien] Devin Lloyd is currently being evaluated for a calf injury, per HC Liam Coen. He was cleared medically at halftime to return, but tightened up again. Coaches felt Ventrell Miller was better option at that point. ",1806.0,neutral
1o5o6qp,1760372184.0,364,0.95,161,,What kills me is y’all will see this play and in the same breath say Trevor Lawrence is trash ,56020.0,negative
1o5mzap,1760369558.0,119,0.99,18,,"[Rapoport] Rams WR Puka Nacua, the NFL’s leader in catches, suffered an ankle sprain that will likely cause him to miss time. It would make sense for Nacua to be out next week against the Jaguars, then LAR has a bye to regroup and assess. ",2238.0,neutral
1o5lcvg,1760365986.0,390,0.96,154,,It's wild some people are laying all the blame on 16 ,58032.0,neutral
1o5914h,1760326145.0,186,0.96,6,,Fixed it for him ,1250.0,neutral
1o586mf,1760323612.0,105,0.99,33,,[Jaguars] Learn from it and move forward ,3534.0,neutral
1o52str,1760308212.0,199,0.98,32,,"Really hoping this is our only ""WTF was that?"" game this season. Wake up call time. If we cannot figure out how to execute a game plan without penalties and mental lapses we're cooked. A game like this should light a fire under the butt of everyone in that building. We cannot have another outing like this. ",6436.0,negative
1o52afe,1760306902.0,263,0.93,32,,He’s back ,8071.0,positive
1o50l3z,1760302726.0,520,0.98,111,,33 Pressures 7 sacks is insane Seeing people blame Trevor and say he held the ball too long is insane,57075.0,negative
1o4zobv,1760300611.0,164,0.94,33,,Sponsored by Butter Finger 🧈 ,5241.0,neutral
1o4zbzo,1760299824.0,225,0.99,78,,[Mike DiRocco] Trevor Lawrence was pressured on 16 of his 25 dropbacks (64%) in the first half. That's the most pressures a QB has faced in a first half since Patrick Mahomes faced 18 at the Saints in 2020 (Week 15). Per ESPN Research ,17597.0,neutral
1o4okej,1760274324.0,963,0.99,38,,[Adam Schefter] Jaguars DE Josh Hines-Allen’s eight-year-old son Wesley — who was diagnosed with leukemia the final week of the 2024 season — will be an honorary captain for today’s game vs. the Seahawks. Wesley completed his cancer treatment in August and is now in full remission. ,37181.0,positive
1o4cija,1760232631.0,182,0.98,10,,"People sleep on him, but Travon's rested and ready to have an impact on this game (club hand and all) ",1962.0,positive
1o45imi,1760213521.0,172,0.96,27,,Cool map ,4623.0,neutral
1o451qr,1760212356.0,104,1.0,14,,Finally got my rare 1997 Jimmy Smith authentic jersey with the black side gussets signed by the man himself ! ,1560.0,positive
1o444o4,1760210085.0,266,1.0,9,,Mood ,2660.0,neutral
1o441bu,1760209859.0,180,0.98,74,,"[SportTrac] The Jaguars converted $5.3M of Walker Little's base salary into signing bonus, adding 2 void years, creating $4.2M of cap space in 2025 ",13230.0,neutral
1o4090g,1760200737.0,321,0.98,30,,This has been frying me for days now ,9752.0,negative
1o3k0or,1760149449.0,296,1.0,25,,Look what I found stored away… ,7696.0,neutral
1o3i8gb,1760144049.0,118,0.95,3,,The chiefs will beat the jags on Monday! ,448.0,negative
1o3ch61,1760129084.0,251,1.0,19,,[Harvey] Jaguars DL Travon Walker (wrist) has no status for Sunday vs. Seahawks: He's good to go. ,5020.0,neutral
1o3c2wg,1760128155.0,166,1.0,37,,Greg Newsome Makes First Comments Since Trade to Jacksonville Jaguars ,6308.0,neutral
1o39x9o,1760123205.0,232,0.99,4,,Jacksonville Jaguars Week 6 Matchup Doodle :) ,1148.0,positive
1o38l5b,1760120171.0,226,0.99,4,,Trevor locking in: ,1119.0,neutral
1o35p3x,1760113730.0,167,0.99,18,,Week 6 Uni combo ,3141.0,neutral
1o347n9,1760110443.0,147,0.99,25,,"[Mia O'Brien] Liam Coen says Travon Walker was able to move at full speed pace, use the club hand (“even though there’s not a hand to use”) at Thursday’s practice. Will he play vs #Seahawks? “Definitely very hopeful” ",3784.0,neutral
1o345yl,1760110342.0,236,1.0,32,,[Andrew Kessler] First time since 2013 we have 2 7th round rookies playing significant snaps https://x.com/duvalandrew904/status/1976654865230348676?s=46&t=SrP3szkaJ0XqemYB7il9zQ,7788.0,neutral
1o3264x,1760105870.0,102,0.95,41,,So run Trevor more? ,4070.0,neutral
1o2yjzp,1760096478.0,546,1.0,40,,"Seahawks Script was Released Looks like the good guys will be winning by 10 this weekend, LFG!",22386.0,positive
1o2r60s,1760069714.0,124,0.89,52,,"Trevor is coming out. Now. Finally. The Prince is breaking out. 2 or 3 first down scrambles, every Sunday. A fuckin’ TD run, apparently, or 2. 2 no-shit real high- quality, bad-ass receivers. A tight-end room of young studs. Couple of running backs. Dyami Brown and Parker Washington to boot? Seriously, an actually serious Offensive line? We’re gonna win so many games. 

Should I mention the Defense?",5849.0,positive
1o2pao3,1760064014.0,167,0.96,21,,"Damn, Tyson Knew ",3527.0,neutral
1o2mwpt,1760057108.0,649,0.99,34,,Sheer panic. Credit:  https://x.com/MrChew3131/status/1976297852079890506?t=ZkmReTIox3QBNKsZadQYqA&s=19,22488.0,neutral
1o2legw,1760052857.0,191,0.94,93,,"Power Rankings are stupid, but losing spots while the chiefs gain spots? And lower than Texans? LOLLLLL fuck fanduel ""research"", research our 4-1 nuts",16877.0,negative
1o2it2x,1760046117.0,156,0.98,10,,Tattoo I got for DUUUVALLL back in August. American traditional prowler? Done by Nick Bryant (@wolfantlers) in Loveland CO,1682.0,neutral
1o2bbve,1760028945.0,292,1.0,34,,in gladstone we trust ,10220.0,neutral
1o29elt,1760024643.0,188,0.99,33,,[Ryan O'Halloran] Campbell-for-Newsome first in-season (after regular season started)  #Jaguars trade involving player-for-player swap since ... Never. This was the first. ,6328.0,neutral
1o26vkx,1760018826.0,136,1.0,30,,Sounds of the Game: Jags/Chiefs ,4216.0,neutral
1o23r9y,1760010473.0,101,0.94,78,,My Thoughts on the Trade I think this is the Jags clearing cap to extend Lloyd. Because Newsome is on his fifth year option right now with nothing after that while Campbell already received his extension and was not good.,7500.0,neutral
1o211bh,1760000720.0,364,0.99,12,,Throw in the towel! ,4685.0,negative
1o1vyj9,1759981532.0,161,0.99,17,,Trevorball ,2869.0,neutral
1o1vent,1759979706.0,126,0.97,57,,Thought I'd post this here after the trade. Looks like Newsome is a significant upgrade over Campbell ,7089.0,neutral
1o1uhni,1759976922.0,254,0.86,124,,"Maybe I’m crazy but I lowkey miss these uniforms Not a Jags fan myself but I’ve always been happy when yall win, anyways I lowkey miss these unis. Side note: the Allen duo was nicee. ",27305.0,neutral
1o1u84x,1759976150.0,406,0.99,369,,"[Schefter] Another major Jaguars-Browns trade, per ESPN sources: Jaguars get CB Greg Newsome and the Jets’ 2026 sixth-round pick from the Browns. Browns get CB Tyson Campbell and the Eagles’ 2026 7th-round pick from the Jaguars ",148718.0,neutral
1o1sv7s,1759972212.0,744,0.99,41,,Records of first year head coaches ,30936.0,neutral
1o1rs9j,1759969125.0,189,0.99,20,,"(Sounds of The Game teaser) Coen: “When opportunity meets a bunch of pissed off dudes that are looking for respect, that play with pride, that play the game the right way, they go and bust the fucking door down” ",3929.0,neutral
1o1qqqn,1759966169.0,616,0.99,62,,[Michael DiRocco] The Jaguars-Chiefs game ranks as ESPN's sixth most-watched Monday Night Football game since MNF moved to the network in 2006. ,38420.0,neutral
1o1pkhe,1759963065.0,124,0.99,5,,[Demetrius Harvey] #Jaguars DL Travon Walker was at practice again today.  C Robert Hainsey working off to side. ,737.0,neutral
1o1ly6n,1759954313.0,117,1.0,14,,Devin Lloyd MIC'D up in Week 5 vs. Chiefs | Jacksonville Jaguars ,1755.0,neutral
1o1lxb4,1759954262.0,109,1.0,29,,"Jaguars have forced 14 turnovers so far, their 2nd most through 5 games to begin a season — their most through 5 games is 15, which happened in 2017 ",3270.0,neutral
1o1i16d,1759946783.0,196,0.99,114,,Week 6 Picks ,22315.0,neutral
1o1gpnl,1759943925.0,345,0.99,31,,[Jaguars] Jags are running with the name “Slip 6” for Trevor’s game winning touchdown against the Chiefs ,10930.0,positive
1o1bdlk,1759932198.0,175,0.99,26,,[Daniel Griffis] Maason Smith is improving as a pass rusher https://x.com/dandgriffis/status/1975914587712344370?s=46&t=SrP3szkaJ0XqemYB7il9zQ,4678.0,neutral
1o196g2,1759926759.0,1108,1.0,91,,Can’t stop laughing ,101936.0,positive
1o0yo7b,1759890506.0,210,1.0,11,,"Me sleeping peacefully knowing we are 4-1, we have one of the best young coaches in the league and a passing game that has barely sniffed its potential. ",2520.0,positive
1o0ynw8,1759890480.0,121,0.98,18,,"Taking my Son to his First game in Nashville REDDIT FAM!! Taking my 5 year old to his first game in Nashville on 11/30 Thanksgiving weekend. His birthday was August 22nd and ALL HE ASKED FOR was tickets to see ""Twevah Wawence"". Naturally he was spoiled beyond tickets to the game, but how fkn awesome is that? 

We're from Saint Louis and every year I go to at least 1 game to support the team thats aged me many years with a buddy of mine, but this one's different...every boy dad's dream - on his own young accord.

My question for you all is, is there any tips and tricks to get a chance at him meeting a player or can I pay for some kind of extra to do so? All I can think about today after last night's thriller is experiencing a game with my boy. Feel free to message or comment, any help appreciated. DUUUUUUVVVVAAALLLLLL",2253.0,neutral
1o0yfkm,1759889801.0,351,0.99,17,,"A heartfelt thank you to the Jags. 12-31-23 was a Sunday like no other. My girlfriend and I woke up, I called my dad to make sure he was still coming over for the game, but he didn't answer. No big deal, he hadn't been feeling super hot. 

Girlfriend and I go about our day: grocery shopping, making sure we have everything for the game and NYE.....tried calling my dad again. No answer. Tried again. And again. And again. And again. My girlfriend knew I hadn't been able to get ahold of him. We both kinda thought what we eventually found.

""Hey babe. We need to go to pops' place, now.""

On the drive over to his place, we listened to the pre-game show on 1010. We got to his place right before kickoff, and our fears were true. I knew he was gone, but I tried my damndest to wake him up. I knew it was hopeless, but I still tried to drag him so he'd be flat on the ground and tried to do chest compressions(PSA: if you ever have to do chest compressions, you're more than likely gonna break ribs.)

Fast forward to a few hours later, after JSOs investigation, and we're all in the parking lot of his complex. We're trying to do anything to keep us from losing our shit, so we listen to some of the game. And yeah. For the past year, Jaguars football has been more painful than normal(been a fan since 95, the pain is real.)

So yeah. We both took last year off from Jaguars football, and I was angry every Sunday the Jags played. It took me a while to connect the dots, but I eventually did.

This year, week 1, was the first Jaguars Sunday I wasn't angry. We've both watched some of the games, but not a lot. 

Last night was the first night we've watched almost an entire game. 

Thank you, Jaguars, for making our first game back an absolutely FUCKING AMAZING game. 

IT WAS ALWAYS THE FUCKEN JAGS!

*mods. Please delete if not allowed.",6255.0,positive
1o0wkzc,1759884567.0,240,0.99,21,,[Bill Barnwell] That Trevor throw looks even better on the All-22. Note that the safety is already on the near hashmark when he releases it - that's a microscopic window 38 yards downfield. Might be the throw of the year so far. ,5227.0,positive
1o0w2v9,1759883167.0,353,0.99,27,,Can We Talk About The Hustle From Smoot and Hines-Allen Here? They helped get Devin into the end zone. ,9785.0,positive
1o0vfjk,1759881397.0,121,0.96,13,,"My new favorite throw from Trevor Lawrence Before this throw, my favorite throw from TLaw was the scramble and 59-yd TD bomb to Zay Jones in 2022 versus the Cowboys.",1626.0,positive
1o0uihl,1759878974.0,408,0.99,38,,Trevor Lawrence Stumbles to The Stars [OC] ,15753.0,neutral
1o0s853,1759873354.0,165,0.99,10,,A Play of Titanic Proportions I was already thinking about this and then I saw someone else request it. Includes Celine for dramatic effect.,1797.0,neutral
1o0s497,1759873103.0,251,0.99,10,,Time is not on our side ,2733.0,negative
1o0pqs8,1759867764.0,168,0.99,9,,three pictures that tell the entire story ,1663.0,neutral
1o0n7d6,1759862209.0,322,0.98,72,,How we feeling about Travis after the last few weeks? ,23036.0,neutral
1o0lu7z,1759859321.0,1070,0.97,76,,Fan Reaction to the DuFall ,79918.0,neutral
1o0l148,1759857597.0,499,0.94,53,,all while being handed 14 free points. you really can’t make this shit up ,25329.0,negative
1o0jssb,1759854993.0,195,0.99,11,,TLAW GETS KNOCKED DOWN BUT GETS UP AGAIN ,2317.0,positive
1o0j1at,1759853285.0,242,1.0,9,,"PFF Highest Graded Rookies Week 5, Hunter Makes The List Twice https://x.com/pff/status/1975577306065477809?s=46&t=FpFflOWaIBpw-VtZB6L1eA",2420.0,neutral
1o0ismd,1759852758.0,219,0.98,16,,4-1 since I got this guy ,3649.0,positive
1o0is4d,1759852725.0,342,1.0,10,,Just another picture of Coen ,3762.0,neutral
1o0h8tj,1759849351.0,330,1.0,6,,Recent image of the field 1 day after the game. ,2310.0,neutral
1o0gexb,1759847492.0,471,1.0,58,,[GMFB] Kyle Brandt on TLaw and Coen After Monday Night ,27789.0,neutral
1o0fv7t,1759846261.0,470,1.0,12,,What a great photo ,6110.0,neutral
1o0fjeg,1759845540.0,570,1.0,34,,"Even with the Pick 6 & Trip 6, let’s not look past this work of art. I’ll admit I was skeptical of how Travis would play out, but after this I’m a believer. 

F them picks!!",19950.0,positive
1o0fi3o,1759845456.0,143,0.99,5,,Woke up to this text from my old man. DTWD ,849.0,neutral
1o0f2r7,1759844427.0,540,1.0,49,,"Shoutout to Jonah Monheim Imagine your first regular season NFL action is coming off the bench due to injury on MNF and staring down Chris Jones and the Chiefs D in prime time. I’d have to look at the coach’s film to know for sure but with the naked eye it looked like he held up quite well.

Hainsey has been so good for us this season so I was definitely worried when they announced he was injured. Rookie 7th round pick comes in and contributes to one of the biggest regular season Jags wins in franchise history. Props to the young man. Gladstone may have unearthed a 7th round gem in Monheim",27000.0,positive
1o0en38,1759843358.0,415,1.0,33,,Cardiac cats indeed ,14110.0,positive
1o0dysi,1759841650.0,227,1.0,4,,How it felt talking to my coworkers this morning ,1135.0,neutral
1o0d4vz,1759839478.0,267,0.98,50,,"The only way to guarantee we can be good again Not only do we look cooler but we play l cooler 😎 

DUUUUVAALLLL",13345.0,positive
1o0d148,1759839184.0,296,0.99,24,,Travis Etienne might be the actual player of the game! I just wanted to call it out. Go back and rewatch a lot of that game and his blitz pickup was insane all night. He needs to get some serious love for what a lot of people are going to overlook. ,7326.0,positive
1o0b9yu,1759833870.0,589,0.99,40,,Spent way too much time on this ,23908.0,neutral
1o09lmt,1759827698.0,102,1.0,434,,"Morning After: Jaguars (4-1) vs Chiefs (2-3) | | | | | | |
| :-- | :-- | :-- | :-- | :-- |  :-- |
|      |**First**|**Second**|**Third**|**Fourth**| **Final** |
|**Jaguars**| 0 | 7 | 14 | 10 | 31 |  
|**Chiefs**| 7 | 7 | 0 | 14 | 28 |

Lloyd nabs a 99-yard pick 6, Trevor falls onto the ground and scores the game winning TD, and the Jaguars beat the Chiefs in prime time. How y'all feeling today?",44370.0,positive
1o07s59,1759820616.0,147,0.96,13,,🫡🫡🫡 ,1976.0,positive
1o078rz,1759818583.0,112,1.0,9,,Devin Lloyd’s pick 6 from the COSM in Los Angeles What an amazing game to watch at an amazing venue😮‍💨,1120.0,positive
1o06h6k,1759815757.0,303,0.99,23,,Liam Coen Victory Speech After Jaguars Beat Chiefs on MNF | Jacksonville Jaguars ,7199.0,positive
1o068n4,1759814909.0,413,1.0,11,,@NFL has now become a Jags stan account ,4956.0,positive
1o05zxi,1759814075.0,234,1.0,13,,I love our social media team ,3276.0,positive
1o05w1b,1759813699.0,115,0.99,9,,Saw a comment on the NFL reddit and knew I had to make this ,1138.0,neutral
1o04v85,1759810319.0,103,1.0,5,,Mfw the Jags beat the Chiefs on MNF ,618.0,positive
1o04rp3,1759809994.0,136,1.0,6,,still can’t believe it. ,952.0,positive
1o04nqa,1759809646.0,128,0.97,12,,It was a Scratch! ,1614.0,neutral
1o04mus,1759809579.0,435,1.0,27,,"[JaguarsPR] @DevinLloyd_'s 99-yard interception return touchdown is the longest interception return in franchise history. Lloyd extends his streak of games with a takeaway to four, the longest such streak in franchise history and longest in the NFL this season. ",12180.0,neutral
1o04lri,1759809478.0,259,0.98,15,,The Jags every game this season for some reason ,4061.0,neutral
1o04ii7,1759809194.0,249,1.0,4,,Gonna watch this until Sunday. ,1245.0,neutral
1o04gvm,1759809048.0,1026,1.0,21,,oh you thought ,22572.0,neutral
1o04ewe,1759808878.0,146,1.0,7,,Patrick Mahomes missing a tackle on Devin Lloyd on his pick 6 ,1168.0,neutral
1o04cl2,1759808686.0,528,0.99,104,,"Daily reminder: The Chiefs needed a no-call on offensive pass interference for a TD, a fumble on the 1 inch line, and a no-call on defensive pass interference that resulted in a TD to lose to the Jags by just 3 points ",54886.0,neutral
1o04ap7,1759808522.0,290,1.0,5,,Trevor is the hero the Jaguars deserve ,1740.0,positive
1o045si,1759808052.0,103,0.97,6,,Holy shit that game now that's the jags i know in love ,699.0,positive
1o045r8,1759808049.0,178,0.99,30,,"that game was so fucking exciting i want to be a jags fan im from wisconsin and have always rooted for the packers, but i found myself cheering on the jags to beat the chiefs harder than ive ever cheered on any other team besides my own. what a game ",5463.0,positive
1o045qt,1759808048.0,118,1.0,6,,STUMBLE RUMBLE ,826.0,neutral
1o0451d,1759807987.0,239,1.0,28,,Show some love to Ezra Cleveland Ezra deserves some love on the touchdown. He was helping the center but disengaged quickly enough to pancake the dude the little was blocking which opened the lane for Trevor. If he left little one on one Trevor most likely wouldn't have scored ,6931.0,positive
1o04149,1759807654.0,1065,0.97,71,,This Man is Jacksonville ,74380.0,positive
1o0413k,1759807652.0,380,0.99,10,,"Many Will Disagree, but This is the Optimal Position to Begin One's Throwing Motion ",4138.0,neutral
1o04099,1759807583.0,122,0.98,7,,Adjust that hog king. ,956.0,neutral
1o0400f,1759807565.0,3894,0.98,76,,The Prowler ,293841.0,neutral
1o03yda,1759807422.0,167,1.0,6,,Our QB scored on only one of these plays ,1169.0,neutral
1o03yci,1759807420.0,178,1.0,4,,Liam watching Trevor stumble in for the game winner ,890.0,neutral
1o03x75,1759807323.0,161,1.0,3,,"Jags W, Chiefs ",644.0,neutral
1o03wx6,1759807298.0,126,1.0,7,,"I AM CALLING THE TREVOR TD ""The DuFALL!!!!!!"" LETS GOT!!!!!!!!! What a ugly yet beautiful TD that somes up this current team, and i love it! Messy but still gritty and still finding a way to win. So hyped after that play!",1008.0,positive
1o03wp8,1759807278.0,399,1.0,13,,Jacksonville Jaguars Victory Doodle :) ,5586.0,positive
1o03w1y,1759807224.0,344,1.0,16,,Literally just a picture of these 3 ,5848.0,neutral
1o03vup,1759807205.0,135,0.99,2,,Let’s GO!!!!!!!!!!! ,401.0,positive
1o03vol,1759807190.0,602,0.99,35,,Well well well... ,21455.0,neutral
1o03v7u,1759807149.0,235,1.0,10,,CARDIAC CATS STRIKE AGAIN!!! ,2585.0,positive
1o03t4l,1759806976.0,240,1.0,59,,And the CROWD GOES WILD!!!! ,14400.0,positive
1o03spu,1759806941.0,551,0.98,1292,,Post Game Thread: Kansas City Chiefs (2-3) at Jacksonville Jaguars (4-1) W,698194.0,neutral
1nzzuku,1759795768.0,126,0.98,8,,Let’s go slime the chiefs! ,1111.0,positive
1nzzhzs,1759794822.0,148,0.98,10,,[Highlight] Travis Hunter showing off the dance moves before Monday Night Football ,1595.0,neutral
1nzz4m8,1759793814.0,149,0.96,8807,,Game Thread: Kansas City Chiefs (2-2) at Jacksonville Jaguars (3-1) ,1259896.0,neutral
1nzyh8k,1759792098.0,275,0.97,41,,Jags 24-21 ,11204.0,neutral
1nzxyxk,1759790801.0,103,0.98,29,,"[Wolfe] Jaguars EDGE Travon Walker is out tonight, per source. ",3028.0,neutral
1nzszr0,1759779488.0,188,0.98,11,,[Mina Kimes] Already heard 3 DUVALs and it’s not even 3 pm ,2211.0,neutral
1nzromn,1759776570.0,105,0.99,28,,Post your favorite old jags meme in preparation for MNF Bottom text ,3015.0,neutral
1nzq37p,1759773009.0,461,0.99,40,,"We need BTJ to step up as a true WR1 today BTJ if you can hear us, please activate your inner Jimmy Smith. The fans know what you’re capable of and we still believe in you. ",18712.0,positive
1nzm3xm,1759764280.0,205,0.96,34,,"Trav, Trav, Trav, Trev, Ty, Tut, Thom time Maybe down a Trav (long a). 

T is the 20th letter of the alphabet. Trevor turns 26 today. Trav number is 1 and Trav number is 12 AND Ty is num 3. Oct is 10th month. Saturns moon Lapetus is waning. 

26÷(1+12)+(10+20)−12+3 ===== EQUALS 23

What's the 23rd letter of the alphabet...

W

You actually can't make this up",6888.0,neutral
1nzg4mj,1759749139.0,412,0.99,33,,Happy Birthday Trevor Lawrence Now let’s get at least 26 points for your 26th birthday.,13868.0,positive
1nzfja0,1759747196.0,114,0.96,6,,Swipe if you believe we’re putting the chiefs in the boo box ,766.0,positive
1nz7stn,1759719235.0,103,0.97,11,,"Hey yo,,,Jacksonville Jaguars play a game tomorrow and I need to know if you’re with us or against us? ",1199.0,neutral
1nz65i7,1759714456.0,188,0.98,13,,Gonna wear my Trevor jersey to class tomorrow at the University of Missouri Kansas City. Should be fun Wish me luck boys ,2579.0,positive
1nyd1s5,1759632924.0,648,1.0,15,,"Travis Hunter on run blocking: ""If we want the ball, we gotta go block"" Source: [https://www.youtube.com/watch?v=FRIRoHC2XNk](https://www.youtube.com/watch?v=FRIRoHC2XNk)",10368.0,neutral
1ny81s1,1759618323.0,260,0.98,11,,"Stop signs cannot stop him. Offensive lines cannot stop him. Surgery cannot stop him. He is 272 lbs of raw fury, and he is going to play this Monday Night. ",3058.0,positive
1ny0f0p,1759599837.0,666,0.99,41,,Seen on FB . Call us a circus 🎪 🤡 ,27692.0,negative
1nxzjf4,1759597773.0,354,0.99,30,,Do NOT disappoint these men. Yall better be there Monday. ,10864.0,positive
1nxy8cm,1759594665.0,279,1.0,50,,"[Michael DiRocco] Jaguars DE Travon Walker (wrist) is back at practice wearing a cast/club on his left hand. Had surgery Monday and HC Liam Coen said Saturday that they’ll take it up until game time to determine if he’ll play against the Chiefs: “I trust that if he says he can go, then we’ll go.” ",14229.0,neutral
1nxgbbu,1759539045.0,322,1.0,13,,🎶 Are you ready for some FOOTBALL 🎶 ,4508.0,positive
1nxfong,1759537210.0,484,0.98,38,,These dudes ,18498.0,neutral
1nxdopr,1759531829.0,173,1.0,32,,Prowler Towels for MNF Just saw this on Instagram and thought i‘d Share it for anyone that’s going to the game.,5709.0,neutral
1nxao9s,1759524318.0,102,1.0,8,,"Travis Etienne Jr. applauds Liam Coen's offense, Travis Hunter's 2-way role | The Rich Eisen Show ",918.0,neutral
1nx9a8o,1759521068.0,297,1.0,18,,"Travis Etienne is the only RB averaging 6+ yards per carry this season Note: minimum 20 rushing attempts qualifier

([Source](https://stathead.com/tiny/pVjfH/reddit))",5643.0,neutral
1nwnsud,1759459993.0,112,0.99,5,,I love this hat. Old logo is so nice ,665.0,positive
1nwh361,1759441587.0,272,1.0,30,,Throwbacks Week 5 ,8432.0,neutral
1nwei7h,1759435752.0,143,0.98,27,,"Offensive snaps with a lead in 2025: 0 - New Orleans Saints  
2 - Cleveland Browns  
3 - Tennessee Titans  
15 - Dallas Cowboys  
18 - Cincinnati Bengals  
24 - New York Jets  
52 - Carolina Panthers  
55 - Miami Dolphins  
57 - Las Vegas Raiders  
61 - San Francisco 49ers  
64 - Minnesota Vikings  
67 - Houston Texans  
76 - Pittsburgh Steelers  
82 - Arizona Cardinals  
83 - Baltimore Ravens  
86 - New York Giants  
91 - Kansas City Chiefs  
91 - Tampa Bay Buccaneers  
91 - Chicago Bears  
91 - New England Patriots  
98 - Washington Commanders  
105 - Detroit Lions  
123 - Los Angeles Rams  
123 - Philadelphia Eagles  
124 - Indianapolis Colts  
127 - Buffalo Bills  
129 - Atlanta Falcons  
130 - Los Angeles Chargers  
135 - Seattle Seahawks  
149 - Green Bay Packers  
155 - Denver Broncos  
162 - Jacksonville Jaguars",3924.0,neutral
1nwd5nn,1759432743.0,203,0.99,14,,"Bruce Arians Picks Jaguars HC Liam Coen as Early Coach of the Year Favourite https://sportscondensed.com/news/bruce-arians-picks-jaguars-hc-liam-coen-as-early-coach-of-the-year-favourite 
 -via Sports Condensed",3015.0,neutral
1nwb0dv,1759427953.0,221,1.0,16,,Random stat: Jaguars are the only team in the NFL to have led at halftime in every game this season It's also Jacksonville's longest ever streak to begin a season. ([Source](https://stathead.com/tiny/CJmn8/reddit)),3757.0,neutral
1nw7x8p,1759421130.0,824,0.99,58,,Devin Lloyd named AFC Defensive Player of the Month ,48130.0,positive
1nw5es0,1759415498.0,254,0.99,63,,"[O'Brien] Travon Walker had a surgical procedure on his wrist, but is gonna ""do everything in his power"" to play on Monday, per Liam Coen ",16093.0,neutral
1nw4tgn,1759414123.0,174,0.99,45,,So you’re saying there’s a chance ,7924.0,neutral
1nvqbh0,1759367639.0,424,0.94,51,,Jason Kelce tells Robert Saleh to “f*** off” after sign stealing accusations against Liam Coen ,20725.0,negative
1nvnzuj,1759361200.0,112,0.99,23,,Sounds of the Game: Jaguars Capitalize Against 49ers in W4 Victory | Jacksonville Jaguars ,2661.0,neutral
1nvjt6x,1759351082.0,193,0.99,11,,"Was given this hat today by someone! So I live up in Kingsland, Ga. right across the state line. Had my Jags flags flying proud on my car when I pull up to the gas station. Older gentleman comes up and says “Yes, sir! The Jags!” Starts complementing my car/rims. Then he says, “Let me hook my Jags man up”. Hands me this hat that he had in his back seat. Seriously the coolest thing that has happened to me in a long time. Shout out to the man who gave me this hat!",2293.0,positive
1nvjrbl,1759350971.0,206,0.98,53,,Jourdan Lewis standing on business while sherman continues to be a clown per usual ,10902.0,negative
1nvijht,1759348286.0,151,0.99,6,,Jacksonville Jaguars Week 5 Matchup Doodle :) ,1046.0,positive
1nvi8eb,1759347571.0,308,1.0,94,,NFL Picks are In.... ,29260.0,neutral
1nvfdlx,1759341369.0,126,0.99,56,,Number of penalties per team 4 weeks into the season. Woof. ,7110.0,negative
1nvduyy,1759338090.0,134,0.99,43,Week to Week,"damn, looks like no travon for the chiefs game. in coach camp we trust. ",5837.0,neutral
1nvcwrx,1759336016.0,101,1.0,27,,"[OC] Impact of every Week 5 game on Jaguars playoff odds. I ran 5 million Monte Carlo simulations of the season to figure out what the playoff implications of every week 5 game are.

The Jaguars current odds to make the playoffs are **65.3%**.

* If you beat the Chiefs, that goes up to **78.2%**, but if you lose, it drops down to **58.0%**. It's a swing of **20.2%**.
* **LV @ IND** is the second most impactful week 5 game for you guys. If the Raiders win, your playoff odds go up by **1.5%**. If the Colts win your playoff odds go down by **0.5%**.
* **NE @ BUF** is the third most impactful game with a total impact of **1.9%.** Your playoff odds go up if the Bills win.

I also made a [website](https://footballsensei.com/teams/jaguars) and posted the full results there. I'll update it every week with the upcoming games. Here's the data:

|Game|Optimal Winner|Impact Δ|If Win|If Lose|Game Time|
|:-|:-|:-|:-|:-|:-|
|KC @ JAX|JAX|20.2%|\+12.9%|\-7.3%|Mon 10/06 8:15 PM ET|
|LV @ IND|LV|2.0%|\+1.5%|\-0.5%|Sun 10/05 1:00 PM ET|
|NE @ BUF|BUF|1.9%|\+0.4%|\-1.5%|Sun 10/05 8:20 PM ET|
|DEN @ PHI|PHI|1.5%|\+0.5%|\-1.0%|Sun 10/05 1:00 PM ET|
|WSH @ LAC|WSH|1.2%|\+0.7%|\-0.5%|Sun 10/05 4:25 PM ET|
|DET @ CIN|DET|1.0%|\+0.2%|\-0.8%|Sun 10/05 4:25 PM ET|
|HOU @ BAL|BAL|0.9%|\+0.5%|\-0.4%|Sun 10/05 1:00 PM ET|
|MIA @ CAR|CAR|0.8%|\+0.4%|\-0.4%|Sun 10/05 1:00 PM ET|
|MIN @ CLE|MIN|0.6%|\+0.2%|\-0.4%|Sun 10/05 9:30 AM ET|
|DAL @ NYJ|DAL|0.2%|\+0.1%|\-0.1%|Sun 10/05 1:00 PM ET|
|SF @ LAR|SF|0.1%|\+0.1%|\-0.0%|Thu 10/02 8:15 PM ET|
|NYG @ NO|NO|0.1%|\+0.0%|\-0.0%|Sun 10/05 1:00 PM ET|
|TEN @ ARI|ARI|0.0%|\+0.0%|\-0.0%|Sun 10/05 4:05 PM ET|
|TB @ SEA|SEA|0.0%|\+0.0%|\-0.0%|Sun 10/05 4:05 PM ET|

I use this data as a rooting guide for the 1-3 games each week where I don't already know who I want to win.

If you want to see the details of my methodology for the Monte Carlo simulations, look [here](https://www.footballsensei.com/methodology).

You can also see which teams are rooting for and against you this week [here](https://footballsensei.com/games/2025_05_KC_JAX).

There's also a [What-If Tool](https://footballsensei.com/what-if/JAX) where you can pick winners and losers of any games this season and recalculate your odds.

I'm going to be scaling back these posts since I don't have time to post the data to all 32 team subreddits each week. I'd really prefer for it to be posted by a fan of the team anyway, since I'm not really a part of this community. So if any of you want to take over the weekly post for this sub, DM me (just so there aren't multiple people posting it each week).",2828.0,neutral
1nvcenf,1759334896.0,673,1.0,38,,Devin Lloyd AFC defensive player of the week ,26247.0,positive
1nv9ymn,1759329450.0,321,0.99,19,,BEACH BAR BORT— LAWRENCE!?!? ,6356.0,positive
1nv7wki,1759324536.0,123,1.0,40,,"[Griffis] Jaguars Penalty Stats: Total Flags-50 (Most), Penalties-38 (Most), Offensive Penalties-23 (Most), Offensive Holding-10 (T-2nd), Illegal Shift/ Motion-7 (Most), False Start-7 (T-5th) ",5043.0,neutral
1nutm3f,1759277559.0,235,0.98,43,,"Robert Saleh: I used a poor choice of words to compliment Liam Coen Big of Saleh to have this response IMO.

But, I still love the passion and fight that Coen has in him and how it sets the tone for the whole team.",10133.0,neutral
1nurh3y,1759271784.0,205,1.0,15,,Josh Hines-Allen is #3 in the League in True Pressure Rate (Number of QB Pressures Adjusted for Quality of the Player(s) They Were Against) ,3280.0,neutral
1nur4vo,1759270907.0,250,0.99,15,,I’ve seen your signs. I’m not impressed. ,3960.0,negative
1nunhfo,1759262339.0,212,1.0,10,,[The 33rd Team] Jourdan Lewis as the nearest defender ,2332.0,neutral
1numj25,1759260170.0,102,0.86,62,,"It feels like 2017 again. And if that's so, damn are we in for a season. When T Law is on, he's ON. When he's not, It's a damn heart race. ( Sound /feel familiar??). 

The way I see it, as long as the game isn't lost in the 2nd Quarter & we stay as competitive as we have been and control the narrative of the game, (even if we lose)... We're a playoff contender. And a strong one at that. 

I went to bed last night thinking, this is 2017 all over again. The only thing is, and Idk if i'm a sick man for this, **I just kind of trust Bortles more if he had this team.** What do you guys think? ",5526.0,positive
1nuhntr,1759249261.0,102,0.92,63,,"Offense deserves more respect. We have a phenomenal defense, but our offense has been tested way more than our defense. The Texans have the #1 defense currently due to no one having a good game offensively so far against them. The 49ers still have a respectfully high defensive ranking, and the best Linebacker in the league. Our offense didn’t look bad at any point in those games. Yes we have a drop problem, and yes our WR1 isn’t looking like a WR1, but our offenses staff has done an amazing job at keeping BTJ involved. Despite his issues he still made big plays, Travis makes big plays, even Hunter Long. Our Oline looking great, ETN looking great, Tuten, Allen, Parker, are all looking good. It’s just not as pretty because we’re literally playing defensively good teams. 
Whereas you look at a game like the bengals that loss was 100% on us with a billion penalties. 
Trevor has not been bad this season. I don’t care what yall say. Has he been elite? No, but we judge him very harshly despite how well he’s played so far in this system. ",6006.0,positive
1nuermn,1759242663.0,211,1.0,27,,[John Shipley] First time HC records ,5908.0,neutral
1nuepss,1759242544.0,111,0.99,33,,[Jaguars] The Jaguars have signed QB Carter Bradley to the practice squad. Bradley is the son of Gus Bradley. ,3736.0,neutral
1p1ojrx,1763600154.0,118,1.0,21,CAPS,Sounds of the Game: Jaguars Steamroll Chargers in the 'Bank | Jacksonville Jaguars  HAD TO FIGURE OUT THE OLD WAY TO MAKE EVERY THING CAPS IN A THREAD. I'LL FIGURE IT OUT CORRECTLY AND ITS OKAY BECAUSE I'M BRINGING IT BACK.,2596.0,neutral
1p1ojrx,1763598701.0,3776,1.0,21,CAPS,Sounds of the Game: Jaguars Steamroll Chargers in the 'Bank | Jacksonville Jaguars  Half of the video was bleeped out😆,83072.0,neutral
1p1ojrx,1763599517.0,1652,1.0,21,CAPS,Sounds of the Game: Jaguars Steamroll Chargers in the 'Bank | Jacksonville Jaguars  IM GOING TO RUN THROUGH A MOTHERFUCKING WALL,36344.0,neutral
1p1ojrx,1763600555.0,1534,1.0,21,CAPS,Sounds of the Game: Jaguars Steamroll Chargers in the 'Bank | Jacksonville Jaguars  Coen's speech at the end of the victories brings so much energy. I get why Shad was adamant about bringing him to the team!,33748.0,positive
1p1ojrx,1763599402.0,708,1.0,21,CAPS,Sounds of the Game: Jaguars Steamroll Chargers in the 'Bank | Jacksonville Jaguars  Yeeeeah boy,15576.0,positive
1p1ojrx,1763608122.0,708,1.0,21,CAPS,Sounds of the Game: Jaguars Steamroll Chargers in the 'Bank | Jacksonville Jaguars  WE'RE INTO NOVEMBER AND I STILL GET TO WATCH THESE!,15576.0,positive
1p1ojrx,1763600903.0,354,1.0,21,CAPS,Sounds of the Game: Jaguars Steamroll Chargers in the 'Bank | Jacksonville Jaguars  Hope that is the spring board to a February run….,7788.0,positive
1p1ojrx,1763601347.0,354,1.0,21,CAPS,Sounds of the Game: Jaguars Steamroll Chargers in the 'Bank | Jacksonville Jaguars  BLEEP!!,7788.0,neutral
1p1ojrx,1763610873.0,236,1.0,21,CAPS,Sounds of the Game: Jaguars Steamroll Chargers in the 'Bank | Jacksonville Jaguars  God I hope this is the game we get to look back to as the one that JHA got back on track with.,5192.0,positive
1p1ojrx,1763612314.0,236,1.0,21,CAPS,Sounds of the Game: Jaguars Steamroll Chargers in the 'Bank | Jacksonville Jaguars  JHA and another player talking about grabbing asses?,5192.0,neutral
1p1ojrx,1763610760.0,118,1.0,21,CAPS,Sounds of the Game: Jaguars Steamroll Chargers in the 'Bank | Jacksonville Jaguars  I WANNA RUN THROUGH A FUCKING WALL,2596.0,positive
1p1ojrx,1763612567.0,118,1.0,21,CAPS,"Sounds of the Game: Jaguars Steamroll Chargers in the 'Bank | Jacksonville Jaguars  HOW'S THAT FEEL?!?

FEELS FUCKING GREAT",2596.0,positive
1p1ojrx,1763663110.0,118,1.0,21,CAPS,"Sounds of the Game: Jaguars Steamroll Chargers in the 'Bank | Jacksonville Jaguars  Need an afternoon boost, might as well watch again.",2596.0,positive
1p1ojrx,1763664099.0,118,1.0,21,CAPS,Sounds of the Game: Jaguars Steamroll Chargers in the 'Bank | Jacksonville Jaguars  Dudes. Johnson called out his mother fucking pick while on the sidelines before the drive. Legend,2596.0,positive
1nvduyy,1759338476.0,9514,0.99,43,Week to Week,"damn, looks like no travon for the chiefs game. in coach camp we trust.  I have but one word for this news. 

SMOOOOOOOOOOOOOOOT!

(Get well soon Travon!)",414430.0,negative
1nvduyy,1759339020.0,3618,0.99,43,Week to Week,"damn, looks like no travon for the chiefs game. in coach camp we trust.  Is this the first injury of Travon's career? Bad timing for him and the Jags. He's been playing very well this year and we need him for this next stretch of games. Hopefully, he's back for the Texans game.",157600.0,negative
1nvduyy,1759338512.0,5896,0.99,43,Week to Week,"damn, looks like no travon for the chiefs game. in coach camp we trust.  Huge loss... Travon has been rolling",256830.0,negative
1nvduyy,1759338724.0,4288,0.99,43,Week to Week,"damn, looks like no travon for the chiefs game. in coach camp we trust.  Week-to-Week is better than expected tbh. I didn’t expect him to be back for MNF. Still, a massive loss",186785.0,negative
1nvduyy,1759338691.0,2546,0.99,43,Week to Week,"damn, looks like no travon for the chiefs game. in coach camp we trust.  FUCK, Travon is so important for this defense too",110904.0,negative
1nvduyy,1759343996.0,670,0.99,43,Week to Week,"damn, looks like no travon for the chiefs game. in coach camp we trust.  Sucks to see, but in Camp, we trust. Hell, I'd trust Camp to fix K'Lavon Chaisson, if need be.",29185.0,negative
1nvduyy,1759339308.0,1608,0.99,43,Week to Week,"damn, looks like no travon for the chiefs game. in coach camp we trust.  UDFA’s get some burn on Monday.",70044.0,neutral
1nvduyy,1759339051.0,1742,0.99,43,Week to Week,"damn, looks like no travon for the chiefs game. in coach camp we trust.  Give him a club. Would only make him more dangerous",75882.0,neutral
1nvduyy,1759348775.0,536,0.99,43,Week to Week,"damn, looks like no travon for the chiefs game. in coach camp we trust.  Let's see what you got, B.J. Green.",23348.0,neutral
1nvduyy,1759339927.0,670,0.99,43,Week to Week,"damn, looks like no travon for the chiefs game. in coach camp we trust.  More Jha/Maason/Arik/Smoot it is",29185.0,neutral
1nvduyy,1759504238.0,268,0.99,43,Week to Week,"damn, looks like no travon for the chiefs game. in coach camp we trust.  Going to be rough, Pat is effectively their running game rn too",11674.0,negative
1nvduyy,1759342678.0,134,0.99,43,Week to Week,"damn, looks like no travon for the chiefs game. in coach camp we trust.  Bad timing, give him a club and let him rest up in a couple weeks. That chiefs OL is trash and I need to see Allen/Walker shred them all night.",5837.0,positive
1nvduyy,1759345161.0,134,0.99,43,Week to Week,"damn, looks like no travon for the chiefs game. in coach camp we trust.  What's worse, losing Robinson 2017 or walker 2025...",5837.0,neutral
1nvduyy,1759345453.0,134,0.99,43,Week to Week,"damn, looks like no travon for the chiefs game. in coach camp we trust.  Sign the sack guru chassion",5837.0,neutral
1nvduyy,1759346555.0,134,0.99,43,Week to Week,"damn, looks like no travon for the chiefs game. in coach camp we trust.  Anybody know how it happened? I don't remember the play it happened on.",5837.0,neutral
1nvduyy,1759347266.0,134,0.99,43,Week to Week,"damn, looks like no travon for the chiefs game. in coach camp we trust.  I mean, this week is a week",5837.0,neutral
1nvduyy,1759347285.0,134,0.99,43,Week to Week,"damn, looks like no travon for the chiefs game. in coach camp we trust.  Week to Walker",5837.0,neutral
1nvduyy,1759362424.0,134,0.99,43,Week to Week,"damn, looks like no travon for the chiefs game. in coach camp we trust.  Put a club on him and let him play!",5837.0,positive
