Team,Subreddit,Subs (thousands)
NE,patriots,869
LA,LosAngelesRams,520
GB,greenbaypackers,505
DAL,cowboys,473
KC,kansascitychiefs,415
CHI,chibears,393
SF,49ers,390
PHI,eagles,366
PIT,steelers,354
ARI,AZCardinals,316
BUF,buffalobills,314
NYG,nygiants,310
MIN,minnesotavikings,302
SEA,Seahawks,297
CIN,bengals,295
DET,detroitlions,289
CLE,browns,281
MIA,miamidolphins,238
BAL,ravens,237
DEN,DenverBroncos,224
ATL,falcons,220
WAS,Commanders,218
TB,buccaneers,201
LAC,chargers,197
NYJ,nyjets,195
NO,saints,190
IND,colts,179
HOU,texans,177
CAR,panthers,174
JAC,jaguars,166
LV,raiders,160
TEN,tennesseetitans,154
,,
,,
,,
,,
 'ARI' 'MIN' 'HOU' 'LV' 'CAR' 'TB' 'SF' 'NYG'],,
